combination,layers_removed,barriers_removed,success_probability,effect,effect_pct,total_cost
data_integration,1,3,0.00024255000000000001,0.00022454066250000002,0.02245406625,3500
data_accuracy,1,3,0.00036753750000000014,0.00034952816250000016,0.03495281625000002,2600
institutional,1,5,0.003638250000000001,0.003620240662500001,0.3620240662500001,15800
data_integration + data_accuracy,2,6,0.00495,0.0049319906625,0.49319906625,6100
data_integration + institutional,2,8,0.048999999999999995,0.048981990662499995,4.898199066249999,19300
data_accuracy + institutional,2,8,0.07425000000000001,0.07423199066250001,7.423199066250001,18400
ALL LAYERS,3,11,1.0,0.9999819906625,99.99819906625001,21900
