finding,mean,std,ci_lower,ci_upper,finding_robust,mode
three_way_interaction,99.58024176325131,0.09100038654303065,99.38303302342418,99.72863669443159,1.0,
max_individual_effect,5.513656269020571e-05,1.6815094799608956e-05,2.8865626611788003e-05,9.52408676496103e-05,1.0,
barriers_for_90pct,11.0,0.0,,,1.0,11.0
